{
  "web": {
    "client_id": "159115056006-d895babvameaafdpvvh49o00v1b612tb.apps.googleusercontent.com",
    "project_id": "djangoapp-198108",
    "auth_uri": "https://accounts.google.com/o/oauth2/auth",
    "token_uri": "https://www.googleapis.com/oauth2/v3/token",
    "auth_provider_x509_cert_url": "https://www.googleapis.com/oauth2/v1/certs",
    "client_secret": "aNGgf9WAW1TnS5XQVQFmuHal",
    "redirect_uris": ["http://127.0.0.1:8000/home/google/oauth2callback", "http://127.0.0.1:8000/home/google/gfit/oauth2callback"]
  }
}
